"SE w", "SE h", "Threads", "Loops", "Benchs", "Avarage [S]", "Variance", 
7, 7, 4, 5, 20, 0.806287, 5.10505e-05, 
7, 7, 32, 5, 20, 0.798651, 3.70852e-05, 
7, 7, 128, 5, 20, 0.797191, 1.70858e-05, 