"SE w", "SE h", "Threads", "Run 1", "Run 2", "Run 3", "Loop x100", 
7, 7, 4, 1.79234, 1.78853, 1.81311, 174.702, 
7, 7, 8, 1.77932, 1.81795, 1.80295, 174.346, 
7, 7, 16, 1.77285, 1.77183, 1.77152, 171.323, 
7, 7, 32, 1.77744, 1.77655, 1.77776, 171.401, 