"SE w", "SE h", "Threads", "Loops", "Benchs", "Avarage [S]", "Variance", 
3, 3, 1, 3, 50, 1.73165, 0.00012018, 
3, 3, 2, 3, 50, 1.06135, 0.000110799, 
3, 3, 4, 3, 50, 0.920879, 1.4724e-06, 
3, 3, 8, 3, 50, 0.942017, 0.000440957, 
3, 3, 16, 3, 50, 0.922211, 5.76274e-06, 
3, 3, 32, 3, 50, 0.920678, 4.24488e-06, 