"SE w", "SE h", "Threads", "Loops", "Benchs", "Avarage [S]", "Variance", 
3, 3, 1, 3, 50, 0.815378, 6.83973e-06, 
3, 3, 2, 3, 50, 0.485938, 2.51524e-08, 
3, 3, 4, 3, 50, 0.448679, 1.34688e-07, 
3, 3, 8, 3, 50, 0.453211, 9.5356e-05, 
3, 3, 16, 3, 50, 0.451315, 4.9683e-06, 
3, 3, 32, 3, 50, 0.453586, 2.33797e-05, 