"SE w", "SE h", "Threads", "Loops", "Benchs", "Avarage [S]", "Variance", 
3, 3, 1, 3, 50, 0.25132, 3.85467e-06, 
3, 3, 2, 3, 50, 0.143374, 2.93223e-07, 
3, 3, 4, 3, 50, 0.111407, 5.7202e-09, 
3, 3, 8, 3, 50, 0.11461, 4.46096e-06, 
3, 3, 16, 3, 50, 0.113144, 1.92104e-06, 
3, 3, 32, 3, 50, 0.111644, 5.66392e-07, 